{"cameraMode":{"drawMode":0,"name":"Shaded","section":"Shading Mode"},"sceneLighting":true,"audioPlay":false,"sceneViewState":{"m_AlwaysRefresh":false,"showFog":true,"showSkybox":true,"showFlares":true,"showImageEffects":true,"showParticleSystems":true,"showVisualEffectGraphs":true,"m_FxEnabled":true},"in2DMode":false,"pivot":{"x":53.480247497558597,"y":15.054365158081055,"z":3.2012529373168947},"rotation":{"x":-0.11518370360136032,"y":0.7188854217529297,"z":-0.12135642766952515,"w":-0.6755630970001221},"size":0.8660253882408142,"orthographic":false}