{"cameraMode":{"drawMode":0,"name":"Shaded","section":"Shading Mode"},"sceneLighting":true,"audioPlay":false,"sceneViewState":{"m_AlwaysRefresh":false,"showFog":true,"showSkybox":true,"showFlares":true,"showImageEffects":true,"showParticleSystems":true,"showVisualEffectGraphs":true,"m_FxEnabled":true},"in2DMode":false,"pivot":{"x":-14.363851547241211,"y":-4.606862545013428,"z":-0.38543587923049929},"rotation":{"x":0.06319247931241989,"y":-0.8856480121612549,"z":0.12592193484306336,"w":0.4433160424232483},"size":13.365001678466797,"orthographic":false}