{"cameraMode":{"drawMode":0,"name":"Shaded","section":"Shading Mode"},"sceneLighting":true,"audioPlay":false,"sceneViewState":{"m_AlwaysRefresh":false,"showFog":true,"showSkybox":true,"showFlares":true,"showImageEffects":true,"showParticleSystems":true,"showVisualEffectGraphs":true,"m_FxEnabled":true},"in2DMode":false,"pivot":{"x":14.841805458068848,"y":2.022418260574341,"z":-30.32674217224121},"rotation":{"x":-0.00995576847344637,"y":1.0005565881729127,"z":-0.00035316197318024933,"w":0.03569262847304344},"size":6.202315807342529,"orthographic":false}