{"cameraMode":{"drawMode":0,"name":"Shaded","section":"Shading Mode"},"sceneLighting":true,"audioPlay":false,"sceneViewState":{"m_AlwaysRefresh":false,"showFog":true,"showSkybox":true,"showFlares":true,"showImageEffects":true,"showParticleSystems":true,"showVisualEffectGraphs":true,"m_FxEnabled":true},"in2DMode":false,"pivot":{"x":17.55819320678711,"y":6.304548263549805,"z":22.493396759033204},"rotation":{"x":0.39870956540107729,"y":-0.018578173592686654,"z":0.0011223829351365567,"w":0.9175552725791931},"size":6.05000114440918,"orthographic":false}